{"cameraMode":{"drawMode":0,"name":"Shaded","section":"Shading Mode"},"sceneLighting":false,"audioPlay":false,"sceneViewState":{"showFog":true,"showMaterialUpdate":false,"showSkybox":false,"showFlares":true,"showImageEffects":true,"showParticleSystems":true},"in2DMode":false,"pivot":{"x":-1.2419999837875367,"y":0.0,"z":1.3147039413452149},"rotation":{"x":-0.11222100257873535,"y":0.8302609920501709,"z":-0.18087416887283326,"w":-0.5151289105415344},"size":1.1738367080688477,"orthographic":false}