{"cameraMode":{"drawMode":0,"name":"Shaded","section":"Shading Mode"},"sceneLighting":false,"audioPlay":false,"sceneViewState":{"showFog":true,"showMaterialUpdate":false,"showSkybox":false,"showFlares":true,"showImageEffects":true,"showParticleSystems":true},"in2DMode":false,"pivot":{"x":-1.2419999837875367,"y":0.0,"z":1.3147039413452149},"rotation":{"x":-0.05497678369283676,"y":-0.9066088199615479,"z":0.12481193989515305,"w":-0.399324506521225},"size":1.1738367080688477,"orthographic":false}